topology,nodes,edges,density,avg_degree,diameter,avg_clustering,num_communities,modularity
citeseer.gml,1681,2902,0.0020551825727316507,3.452706722189173,23,0.1532971003236212,27,0.8177521764262488
cora.gml,18800,62685,0.0003547325400966326,6.668617021276596,23,0.2666317604345682,41,0.8115686809128413
cora_ml.gml,2810,7981,0.0020222239395739925,5.680427046263345,17,0.27766716520879065,22,0.7617239703850587
dblp.gml,16191,51913,0.0003960824513454638,6.412574887283059,34,0.14539280668962049,37,0.7582708570126236
pubmed.gml,19717,44324,0.00022803908825811382,4.496018664096972,18,0.060175209437523615,36,0.7704772411067674
