topology,nodes,edges,density,avg_degree,diameter,avg_clustering,num_communities,modularity
barabasi_1000_2.gml,1000,1996,0.003995995995995996,3.992,7,0.030383511090464072,19,0.5218686370737468
barabasi_1000_4.gml,1000,3984,0.007975975975975975,7.968,5,0.03527246344918303,16,0.3108191425339914
barabasi_1000_6.gml,1000,5964,0.01193993993993994,11.928,4,0.04417135619585358,9,0.2584811490224603
erdos_1000_0.1.gml,1000,49925,0.09994994994994995,99.85,3,0.09951145457391787,10,0.08035407462721374
erdos_1000_0.2.gml,1000,100129,0.20045845845845847,200.258,2,0.20052623657503396,8,0.054095777672820505
erdos_1000_0.3.gml,1000,149559,0.2994174174174174,299.118,2,0.29932003056848905,7,0.03981852220183496
newman_1000_3_0.3.gml,1000,1311,0.0026246246246246245,2.622,20,0.0,27,0.7356845584594591
newman_1000_5_0.3.gml,1000,2646,0.005297297297297297,5.292,9,0.3052539682539693,26,0.7010936943854555
newman_1000_7_0.3.gml,1000,3882,0.007771771771771772,7.764,7,0.3714309523809521,22,0.7079101726060464
